game;2000 batchsize and 2000 poolsize;300 batchsize;300 batchsize and 300 poolsize;4000 Poolsize;4000 batchsize and 4000 poolsize;2000 batchsize and 2000 poolsize.stdev;300 batchsize.stdev;300 batchsize and 300 poolsize.stdev;4000 Poolsize.stdev;4000 batchsize and 4000 poolsize.stdev
Treasure Hunt;1;0.46969697;0.210743802;0.548209366;0.807162534;0.532989379;0.407967643;0.213999655;0.429006018;0.449662038
Pong;1;0.083636364;0.078181818;1.105454545;1.229090909;0.927056922;0.072822904;0.070071113;0.467531252;0.887953304
Slot Car;1;1.035179631;1.340281007;2.135476324;1.299467212;1.190277012;1.213552203;1.314955947;1.591636924;1.280571947
