game;300 batchsize and 300 poolsize;300 batchsize and 2000 poolsize;2000 batchsize and 2000 poolsize;2000 batchsize and 4000 poolsize;4000 batchsize and 4000 poolsize;300 batchsize and 300 poolsize.stdev;300 batchsize and 2000 poolsize.stdev;2000 batchsize and 2000 poolsize.stdev;2000 batchsize and 4000 poolsize.stdev;4000 batchsize and 4000 poolsize.stdev;300 batchsize and 300 poolsize.ttest;300 batchsize and 2000 poolsize.ttest;2000 batchsize and 2000 poolsize.ttest;2000 batchsize and 4000 poolsize.ttest;4000 batchsize and 4000 poolsize.ttest
Treasure Hunt;0.210743802;0.46969697;1;0.548209366;0.807162534;0.213999655;0.407967643;0.532989379;0.429006018;0.449662038;*;*;;*;
Pong;0.078181818;0.083636364;1;1.105454545;1.229090909;0.070071113;0.072822904;0.927056922;0.467531252;0.887953304;*;*;;;
Slot Car;1.340281007;1.035179631;1;2.135476324;1.299467212;1.314955947;1.213552203;1.190277012;1.591636924;1.280571947;;;;*;
