game;Control;Random Baseline;Control.stdev;Random Baseline.stdev
Treasure Hunt;1;0.128099174;0.532989379;0.028649859
Pong;1;0.061818182;0.927056922;0.037494381
Slot Car;1;0.02119077;1.190277012;0.032729807
