game;Control;300 batchsize 2000 poolsize;300 batchsize 300 poolsize;4000 poolsize 2000 batchsize;4000 poolsize 4000 batchsize;High iteration;Very high iteration 300 batchsize;Very high iteration 2000 batchsize;Control.stdev;300 batchsize 2000 poolsize.stdev;300 batchsize 300 poolsize.stdev;4000 poolsize 2000 batchsize.stdev;4000 poolsize 4000 batchsize.stdev;High iteration.stdev;Very high iteration 300 batchsize.stdev;Very high iteration 2000 batchsize.stdev
Treasure Hunt;298.334;80.6955;84.7115;114.955;163.619;501.799;406.0365;1065.9465;95.44955655;18.13683007;21.93507748;42.54998046;64.30646287;96.91458306;73.4873342;311.3726405
Pong;325.595;146.2445;145.4325;337.4005;425.05;1138.0115;1193.374;2706.017;24.40941719;4.746948577;7.590470393;20.07468699;44.12979409;55.28930641;32.74048169;118.7595296
Slot Car;232.012;117.2985;127.432;175.6515;246.164;918.781;875.8045;1693.9175;18.4616164;8.833168517;14.09389849;19.35435577;41.59487891;42.89729901;49.52776834;67.03300043
