game;300 batchsize 300 poolsize;300 batchsize 2000 poolsize;2000 batchsize 2000 poolsize;4000 poolsize 2000 batchsize;4000 poolsize 4000 batchsize;High iteration 2000 batchsize;Very high iteration 300 batchsize;Very high iteration 2000 batchsize;300 batchsize 300 poolsize.stdev;300 batchsize 2000 poolsize.stdev;2000 batchsize 2000 poolsize.stdev;4000 poolsize 2000 batchsize.stdev;4000 poolsize 4000 batchsize.stdev;High iteration 2000 batchsize.stdev;Very high iteration 300 batchsize.stdev;Very high iteration 2000 batchsize.stdev
Treasure Hunt;84.7115;80.6955;298.334;114.955;163.619;501.799;406.0365;1065.9465;21.93507748;18.13683007;95.44955655;42.54998046;64.30646287;96.91458306;73.4873342;311.3726405
Pong;145.4325;146.2445;325.595;337.4005;425.05;1138.0115;1193.374;2706.017;7.590470393;4.746948577;24.40941719;20.07468699;44.12979409;55.28930641;32.74048169;118.7595296
Slot Car;127.432;117.2985;232.012;175.6515;246.164;918.781;875.8045;1693.9175;14.09389849;8.833168517;18.4616164;19.35435577;41.59487891;42.89729901;49.52776834;67.03300043
